"TBNR","Euro"
"101024","20.00"
"101048","20.00"
"101060","20.00"
"101133","20.00"
"102118","55.00"
"112020","55.00"
"112030","55.00"
"112040","10.00"
"112041","15.00"
"112042","15.00"
"112043","25.00"
"112044","25.00"
"112045","35.00"
"112050","50.00"
"112051","55.00"
"112060","10.00"
"112061","15.00"
"112062","15.00"
"112063","25.00"
"112064","25.00"
"112065","35.00"
"112070","55.00"
"112071","70.00"
"112076","15.00"
"112100","20.00"
"112101","35.00"
"112102","35.00"
"112103","55.00"
"112104","55.00"
"112105","55.00"
"112110","20.00"
"112111","35.00"
"112112","35.00"
"112113","55.00"
"112114","55.00"
"112115","55.00"
"112120","20.00"
"112121","35.00"
"112210","20.00"
"112211","35.00"
"112216","55.00"
"112262","10.00"
"112263","15.00"
"112264","20.00"
"112265","30.00"
"112266","10.00"
"112267","15.00"
"112268","20.00"
"112269","30.00"
"112272","10.00"
"112273","15.00"
"112274","20.00"
"112275","30.00"
"112282","10.00"
"112283","15.00"
"112284","20.00"
"112285","30.00"
"112292","10.00"
"112293","15.00"
"112294","20.00"
"112295","30.00"
"112302","10.00"
"112303","15.00"
"112304","20.00"
"112305","30.00"
"112322","10.00"
"112323","15.00"
"112324","20.00"
"112325","30.00"
"112372","10.00"
"112373","15.00"
"112374","20.00"
"112375","30.00"
"112396","30.00"
"112397","30.00"
"112398","20.00"
"112426","20.00"
"112427","30.00"
"112428","55.00"
"112446","10.00"
"112454","55.00"
"112456","10.00"
"112460","55.00"
"112464","55.00"
"112474","55.00"
"112484","55.00"
"112494","55.00"
"112552","70.00"
"112553","90.00"
"112572","80.00"
"112573","100.00"
"112600","100.00"
"112606","100.00"
"112612","100.00"
"112618","70.00"
"112655","70.00"
"112656","70.00"
"112657","80.00"
"112658","80.00"
"112659","100.00"
"112661","70.00"
"112662","80.00"
"112663","100.00"
"112665","80.00"
"112666","85.00"
"112667","90.00"
"112668","90.00"
"112669","110.00"
"112675","70.00"
"112676","70.00"
"112677","80.00"
"112678","80.00"
"112679","100.00"
"112685","70.00"
"112686","70.00"
"112687","80.00"
"112688","80.00"
"112689","100.00"
"112695","70.00"
"112696","70.00"
"112697","80.00"
"112698","80.00"
"112699","100.00"
"113100","20.00"
"113101","25.00"
"113102","30.00"
"113103","35.00"
"113104","40.00"
"113120","20.00"
"113121","25.00"
"113122","30.00"
"113123","35.00"
"113124","40.00"
"113140","20.00"
"113141","25.00"
"113142","30.00"
"113143","35.00"
"113144","40.00"
"113150","20.00"
"113151","25.00"
"113152","30.00"
"113153","35.00"
"113154","40.00"
"113160","20.00"
"113161","25.00"
"113162","30.00"
"113163","35.00"
"113164","40.00"
"113180","20.00"
"113181","25.00"
"113182","30.00"
"113183","35.00"
"113184","40.00"
"113200","20.00"
"113201","25.00"
"113202","30.00"
"113203","35.00"
"113204","40.00"
"113220","20.00"
"113221","25.00"
"113222","30.00"
"113223","35.00"
"113224","40.00"
"113240","20.00"
"113241","25.00"
"113242","30.00"
"113243","35.00"
"113244","40.00"
"113260","20.00"
"113261","25.00"
"113262","30.00"
"113263","35.00"
"113264","40.00"
"113280","20.00"
"113281","25.00"
"113282","30.00"
"113283","35.00"
"113284","40.00"
"113300","20.00"
"113301","25.00"
"113302","30.00"
"113303","35.00"
"113304","40.00"
"113320","20.00"
"113321","25.00"
"113322","30.00"
"113323","35.00"
"113324","40.00"
"113330","20.00"
"113331","25.00"
"113332","30.00"
"113333","35.00"
"113334","40.00"
"113340","20.00"
"113341","25.00"
"113342","30.00"
"113343","35.00"
"113344","40.00"
"113350","20.00"
"113351","25.00"
"113352","30.00"
"113353","35.00"
"113354","40.00"
"118012","35.00"
"118178","30.00"
"118704","70.00"
"118705","85.00"
"118706","105.00"
"137010","10.00"
"137011","15.00"
"137012","15.00"
"137013","25.00"
"137014","25.00"
"137015","35.00"
"141015","10.00"
"141018","15.00"
"141020","55.00"
"141021","70.00"
"141026","10.00"
"141027","15.00"
"141028","20.00"
"141029","30.00"
"141030","20.00"
"141031","35.00"
"141032","55.00"
"141042","15.00"
"141043","25.00"
"141044","25.00"
"141045","35.00"
"141050","20.00"
"141051","35.00"
"141056","55.00"
"141070","55.00"
"141071","70.00"
"141082","55.00"
"141090","50.00"
"141091","55.00"
"141118","25.00"
"141119","40.00"
"141120","55.00"
"141121","40.00"
"141122","50.00"
"141123","55.00"
"141124","55.00"
"141125","55.00"
"141159","55.00"
"141164","55.00"
"141166","50.00"
"141174","55.00"
"141184","55.00"
"141194","55.00"
"141245","25.00"
"141290","20.00"
"141291","35.00"
"141292","25.00"
"141293","40.00"
"141294","40.00"
"141295","50.00"
"141300","20.00"
"141301","35.00"
"141302","25.00"
"141303","40.00"
"141304","40.00"
"141305","50.00"
"141310","20.00"
"141311","35.00"
"141312","25.00"
"141313","40.00"
"141314","40.00"
"141315","50.00"
"141322","25.00"
"141323","40.00"
"141324","40.00"
"141325","50.00"
"141330","20.00"
"141331","35.00"
"141332","25.00"
"141333","40.00"
"141334","40.00"
"141335","50.00"
"141340","20.00"
"141341","35.00"
"141342","25.00"
"141343","40.00"
"141344","40.00"
"141345","50.00"
"141350","20.00"
"141351","35.00"
"141352","25.00"
"141353","40.00"
"141354","40.00"
"141355","50.00"
"141360","20.00"
"141361","35.00"
"141362","25.00"
"141363","40.00"
"141364","40.00"
"141365","50.00"
"141380","20.00"
"141381","35.00"
"141382","25.00"
"141383","40.00"
"141384","40.00"
"141385","50.00"
"141392","25.00"
"141393","40.00"
"141394","40.00"
"141395","50.00"
"141402","55.00"
"141412","10.00"
"141413","15.00"
"141414","20.00"
"141415","30.00"
"141421","55.00"
"141430","20.00"
"141431","35.00"
"141432","25.00"
"141433","40.00"
"141434","40.00"
"141435","50.00"
"141442","25.00"
"141443","40.00"
"141444","40.00"
"141445","50.00"
"141518","100.00"
"141522","80.00"
"141523","100.00"
"141525","70.00"
"141526","70.00"
"141527","80.00"
"141528","80.00"
"141529","100.00"
"141533","70.00"
"141534","70.00"
"141572","80.00"
"141573","100.00"
"141583","70.00"
"141584","70.00"
"141592","70.00"
"141593","90.00"
"141621","100.00"
"141622","70.00"
"141623","80.00"
"141624","100.00"
"141737","100.00"
"141775","70.00"
"141776","70.00"
"141777","80.00"
"141778","80.00"
"141779","100.00"
"141785","70.00"
"141786","70.00"
"141795","70.00"
"141796","70.00"
"141797","80.00"
"141798","80.00"
"141799","100.00"
"141818","70.00"
"141819","80.00"
"141820","100.00"
"141821","70.00"
"141822","80.00"
"141823","80.00"
"141824","100.00"
"141825","70.00"
"141826","80.00"
"141827","100.00"
"141828","70.00"
"141829","80.00"
"141830","100.00"
"141831","70.00"
"141832","80.00"
"141833","80.00"
"141834","100.00"
"141842","70.00"
"141843","80.00"
"141844","100.00"
"141845","70.00"
"141846","80.00"
"141847","80.00"
"141848","100.00"
"141865","70.00"
"141866","70.00"
"142103","10.00"
"142104","15.00"
"142106","20.00"
"142107","30.00"
"142154","20.00"
"142160","25.00"
"142170","55.00"
"142202","10.00"
"142203","15.00"
"142204","20.00"
"142205","30.00"
"142212","10.00"
"142213","15.00"
"142214","20.00"
"142215","30.00"
"142222","10.00"
"142223","15.00"
"142224","20.00"
"142225","30.00"
"142232","10.00"
"142233","15.00"
"142234","20.00"
"142235","30.00"
"142242","10.00"
"142243","15.00"
"142244","20.00"
"142245","30.00"
"142252","10.00"
"142253","15.00"
"142254","20.00"
"142255","30.00"
"142262","10.00"
"142263","15.00"
"142264","20.00"
"142265","30.00"
"142278","55.00"
"142284","55.00"
"142290","55.00"
"142671","70.00"
"142672","80.00"
"142673","100.00"
